{
	"format_version": "1.21.11",
	"credit": "Hand-coded for Redactedcraft",
	"texture_size": [64, 64],
	"elements": [
		{
			"name": "Door Slab",
			"from": [0, 0, 0],
			"to": [16, 32, 2],
			"faces": {
				"north": {"uv": [0, 0, 16, 32], "texture": "#0"},
				"south": {"uv": [16, 0, 32, 32], "texture": "#0"},
				"east": {"uv": [32, 0, 34, 32], "texture": "#0"},
				"west": {"uv": [32, 0, 34, 32], "texture": "#0"},
				"up": {"uv": [0, 32, 16, 34], "texture": "#0"},
				"down": {"uv": [0, 32, 16, 34], "texture": "#0"}
			}
		},
		{
			"name": "Knob Front",
			"from": [13, 12, -1],
			"to": [15, 14, 0],
			"faces": {
				"north": {"uv": [40, 40, 48, 48], "texture": "#0"},
				"south": {"uv": [40, 40, 48, 48], "texture": "#0"},
				"east": {"uv": [40, 40, 48, 48], "texture": "#0"},
				"west": {"uv": [40, 40, 48, 48], "texture": "#0"},
				"up": {"uv": [40, 40, 48, 48], "texture": "#0"},
				"down": {"uv": [40, 40, 48, 48], "texture": "#0"}
			}
		},
		{
			"name": "Knob Back",
			"from": [13, 12, 2],
			"to": [15, 14, 3],
			"faces": {
				"north": {"uv": [40, 40, 48, 48], "texture": "#0"},
				"south": {"uv": [40, 40, 48, 48], "texture": "#0"},
				"east": {"uv": [40, 40, 48, 48], "texture": "#0"},
				"west": {"uv": [40, 40, 48, 48], "texture": "#0"},
				"up": {"uv": [40, 40, 48, 48], "texture": "#0"},
				"down": {"uv": [40, 40, 48, 48], "texture": "#0"}
			}
		}
	],
	"display": {
		"gui": {
			"rotation": [30, 45, 0],
			"translation": [0, -4, 0],
			"scale": [0.45, 0.45, 0.45]
		},
		"firstperson_righthand": {
			"rotation": [0, 135, 0],
			"translation": [0, 0, 0],
			"scale": [0.4, 0.4, 0.4]
		}
	}
}
